slug,original_file,optimized_file,original_bytes,optimized_bytes,width,height,url
affright,SovaZone-username-affright.png,image/usernames/SovaZone-username-affright.webp,1912006,128870,1254,1254,https://sovazone.com/image/usernames/SovaZone-username-affright.webp
cennik,SovaZone-username-cennik.png,image/usernames/SovaZone-username-cennik.webp,1870689,129102,1254,1254,https://sovazone.com/image/usernames/SovaZone-username-cennik.webp
deluks,SovaZone-username-deluks.png,image/usernames/SovaZone-username-deluks.webp,1875093,165132,1254,1254,https://sovazone.com/image/usernames/SovaZone-username-deluks.webp
dressirovka,SovaZone-username-dressirovka.png,image/usernames/SovaZone-username-dressirovka.webp,2025366,173276,1254,1254,https://sovazone.com/image/usernames/SovaZone-username-dressirovka.webp
fulsome,SovaZone-username-fulsome.png,image/usernames/SovaZone-username-fulsome.webp,2282156,259754,1254,1254,https://sovazone.com/image/usernames/SovaZone-username-fulsome.webp
geval,SovaZone-username-geval.png,image/usernames/SovaZone-username-geval.webp,2428607,282528,1254,1254,https://sovazone.com/image/usernames/SovaZone-username-geval.webp
gourds,SovaZone-username-gourds.png,image/usernames/SovaZone-username-gourds.webp,2180220,208222,1254,1254,https://sovazone.com/image/usernames/SovaZone-username-gourds.webp
hatten,SovaZone-username-hatten.png,image/usernames/SovaZone-username-hatten.webp,1913814,135334,1254,1254,https://sovazone.com/image/usernames/SovaZone-username-hatten.webp
inneren,SovaZone-username-inneren.png,image/usernames/SovaZone-username-inneren.webp,1992728,155126,1254,1254,https://sovazone.com/image/usernames/SovaZone-username-inneren.webp
keyed,SovaZone-username-keyed.png,image/usernames/SovaZone-username-keyed.webp,2229411,207412,1254,1254,https://sovazone.com/image/usernames/SovaZone-username-keyed.webp
koketka,SovaZone-username-koketka.png,image/usernames/SovaZone-username-koketka.webp,1977622,145654,1254,1254,https://sovazone.com/image/usernames/SovaZone-username-koketka.webp
krot,SovaZone-username-krot.png,image/usernames/SovaZone-username-krot.webp,2259582,242420,1254,1254,https://sovazone.com/image/usernames/SovaZone-username-krot.webp
m4d,SovaZone-username-m4d.png,image/usernames/SovaZone-username-m4d.webp,2281544,245246,1254,1254,https://sovazone.com/image/usernames/SovaZone-username-m4d.webp
meines,SovaZone-username-meines.png,image/usernames/SovaZone-username-meines.webp,2065030,176622,1254,1254,https://sovazone.com/image/usernames/SovaZone-username-meines.webp
nietzsche,SovaZone-username-nietzsche.png,image/usernames/SovaZone-username-nietzsche.webp,2034343,153582,1254,1254,https://sovazone.com/image/usernames/SovaZone-username-nietzsche.webp
o05,SovaZone-username-o05.png,image/usernames/SovaZone-username-o05.webp,2228778,232388,1254,1254,https://sovazone.com/image/usernames/SovaZone-username-o05.webp
podlets,SovaZone-username-podlets.png,image/usernames/SovaZone-username-podlets.webp,2060922,202888,1254,1254,https://sovazone.com/image/usernames/SovaZone-username-podlets.webp
prankersha,SovaZone-username-prankersha.png,image/usernames/SovaZone-username-prankersha.webp,1980394,163222,1254,1254,https://sovazone.com/image/usernames/SovaZone-username-prankersha.webp
pricheska,SovaZone-username-pricheska.png,image/usernames/SovaZone-username-pricheska.webp,2218155,198772,1254,1254,https://sovazone.com/image/usernames/SovaZone-username-pricheska.webp
prinzip,SovaZone-username-prinzip.png,image/usernames/SovaZone-username-prinzip.webp,1954973,147164,1254,1254,https://sovazone.com/image/usernames/SovaZone-username-prinzip.webp
shtopor,SovaZone-username-shtopor.png,image/usernames/SovaZone-username-shtopor.webp,2007924,153768,1254,1254,https://sovazone.com/image/usernames/SovaZone-username-shtopor.webp
sledopyt,SovaZone-username-sledopyt.png,image/usernames/SovaZone-username-sledopyt.webp,2215606,217292,1254,1254,https://sovazone.com/image/usernames/SovaZone-username-sledopyt.webp
tekstura,SovaZone-username-tekstura.png,image/usernames/SovaZone-username-tekstura.webp,2549726,287440,1254,1254,https://sovazone.com/image/usernames/SovaZone-username-tekstura.webp
tryd,SovaZone-username-tryd.png,image/usernames/SovaZone-username-tryd.webp,2006247,142690,1254,1254,https://sovazone.com/image/usernames/SovaZone-username-tryd.webp
